family	group	width	height	cost_multiplier	stat_multiplier	mask	roles	functions
food/cannibal	0	5	2	1	1	11111/11111	bbbbb/xxxxb	ppppp/ppppp
food/cannibal	0	8	2	2	2	11111111/11111111	bbbbbbbb/xxxxxxxb	pppppppp/pppppppp
food/fish	0	2	2	6	2	11/11	xx/bb	ss/pp
food/fish	0	3	2	8	4	111/111	xxb/xxb	ssp/ssp
food/fish	0	4	2	10	6	1111/1111	xxxb/xxxb	sssp/sssp
food/fish	0	5	2	12	8	11111/11111	xxxxb/xxxxb	ssssp/ssssp
food/fish	0	6	2	14	10	111111/111111	xxxxxb/xxxxxb	sssssp/sssssp
food/fish	0	7	2	16	12	1111111/1111111	xxxxxxb/xxxxxxb	ssssssp/ssssssp
food/fish	0	8	2	18	14	11111111/11111111	xxxxxxxb/xxxxxxxb	sssssssp/sssssssp
food/fish	0	9	2	20	16	111111111/111111111	xxxxxxxxb/xxxxxxxxb	ssssssssp/ssssssssp
food/fish	0	10	2	22	18	1111111111/1111111111	xxxxxxxxxb/xxxxxxxxxb	sssssssssp/sssssssssp
food/fish	0	11	2	24	20	11111111111/11111111111	xxxxxxxxxxb/xxxxxxxxxxb	ssssssssssp/ssssssssssp
food/fish	1	1	1	1	1	1	b	p
food/fish	1	2	1	2	2	11	bb	pp
food/fish	1	3	1	3	3	111	bxb	pwp
food/fish	1	4	1	4	4	1111	bxbb	pwpp
food/fish	1	2	2	4	4	11/11	bx/bb	pw/pp
food/fish	1	3	2	6	6	111/111	bxb/bbb	pwp/ppp
food/fish	1	4	2	8	8	1111/1111	bxbb/bbbx	pwpp/pppw
food/fish	1	5	2	10	10	11111/11111	xbbbb/xbbxb	wpppp/wppwp
food/fish	1	6	2	12	12	111111/111111	xbbxbb/xbbbbb	wppwpp/wppppp
food/fish	1	7	2	14	14	1111111/1111111	xbbxbbx/xbbbbbb	wppwppw/wpppppp
food/hunter	0	3	1	1	1	111	xxb	ppp
food/hunter	0	3	2	2	2	111/111	xxb/xxb	ppp/ppp
food/hunter	1	1	1	1	1	1	b	p
food/hunter	1	2	1	2	2	11	bb	pp
food/hunter	1	3	1	3	3	111	bbb	ppp
food/hunter	1	4	1	4	4	1111	bbbb	pppp
food/hunter	1	5	1	5	5	11111	bbbbb	ppppp
food/hunter	1	2	2	4	4	11/11	bb/bb	pp/pp
food/hunter	1	3	2	6	6	111/111	bbb/bbb	ppp/ppp
food/hunter	1	4	2	8	8	1111/1111	bbbb/bbbb	pppp/pppp
food/hunter	1	5	2	10	10	11111/11111	bbbbb/bbbbb	ppppp/ppppp
food/orchard	0	4	4	1	1	1111/1111/1111/1111	pppp/pbbp/pbbp/pppp	pppp/pppp/pppp/pppp
food/orchard	1	4	4	1	1	1111/1111/1111/1111	pppp/pbbp/pbbp/pppp	pppp/pppp/pppp/pppp
food/orchard	1	4	7	2	2	1111/1111/1111/1111/1111/1111/1111	pppp/pbbp/pbbp/pppp/pbbp/pbbp/pppp	pppp/pppp/pppp/pppp/pppp/pppp/pppp
food/orchard	1	4	10	3	3	1111/1111/1111/1111/1111/1111/1111/1111/1111/1111	pppp/pbbp/pbbp/pppp/pbbp/pbbp/pppp/pbbp/pbbp/pppp	pppp/pppp/pppp/pppp/pppp/pppp/pppp/pppp/pppp/pppp
food/orchard	1	4	13	4	4	1111/1111/1111/1111/1111/1111/1111/1111/1111/1111/1111/1111/1111	pppp/pbbp/pbbp/pppp/pbbp/pbbp/pppp/pbbp/pbbp/pppp/pbbp/pbbp/pppp	pppp/pppp/pppp/pppp/pppp/pppp/pppp/pppp/pppp/pppp/pppp/pppp/pppp
food/orchard	1	4	16	5	5	1111/1111/1111/1111/1111/1111/1111/1111/1111/1111/1111/1111/1111/1111/1111/1111	pppp/pbbp/pbbp/pppp/pbbp/pbbp/pppp/pbbp/pbbp/pppp/pbbp/pbbp/pppp/pbbp/pbbp/pppp	pppp/pppp/pppp/pppp/pppp/pppp/pppp/pppp/pppp/pppp/pppp/pppp/pppp/pppp/pppp/pppp
food/orchard	1	4	19	6	6	1111/1111/1111/1111/1111/1111/1111/1111/1111/1111/1111/1111/1111/1111/1111/1111/1111/1111/1111	pppp/pbbp/pbbp/pppp/pbbp/pbbp/pppp/pbbp/pbbp/pppp/pbbp/pbbp/pppp/pbbp/pbbp/pppp/pbbp/pbbp/pppp	pppp/pppp/pppp/pppp/pppp/pppp/pppp/pppp/pppp/pppp/pppp/pppp/pppp/pppp/pppp/pppp/pppp/pppp/pppp
food/orchard	1	4	22	7	7	1111/1111/1111/1111/1111/1111/1111/1111/1111/1111/1111/1111/1111/1111/1111/1111/1111/1111/1111/1111/1111/1111	pppp/pbbp/pbbp/pppp/pbbp/pbbp/pppp/pbbp/pbbp/pppp/pbbp/pbbp/pppp/pbbp/pbbp/pppp/pbbp/pbbp/pppp/pbbp/pbbp/pppp	pppp/pppp/pppp/pppp/pppp/pppp/pppp/pppp/pppp/pppp/pppp/pppp/pppp/pppp/pppp/pppp/pppp/pppp/pppp/pppp/pppp/pppp
food/orchard	1	4	25	8	8	1111/1111/1111/1111/1111/1111/1111/1111/1111/1111/1111/1111/1111/1111/1111/1111/1111/1111/1111/1111/1111/1111/1111/1111/1111	pppp/pbbp/pbbp/pppp/pbbp/pbbp/pppp/pbbp/pbbp/pppp/pbbp/pbbp/pppp/pbbp/pbbp/pppp/pbbp/pbbp/pppp/pbbp/pbbp/pppp/pbbp/pbbp/pppp	pppp/pppp/pppp/pppp/pppp/pppp/pppp/pppp/pppp/pppp/pppp/pppp/pppp/pppp/pppp/pppp/pppp/pppp/pppp/pppp/pppp/pppp/pppp/pppp/pppp
food/pasture/constructor	0	2	1	2	2	11	pp	pp
food/pasture/constructor	0	3	1	3	3	111	ppp	ppp
food/pasture/constructor	0	4	1	4	4	1111	pppp	pppp
food/pasture/constructor	0	2	2	4	4	11/11	pp/pp	pp/pp
food/pasture/constructorindoor	0	3	1	1	1	111	xxx	ddd
food/pasture/constructoroutdoor	0	3	3	1	1	111/111/111	bpb/ppp/bbb	dpd/ppp/ddd
health/asylum	0	3	4	1	1	111/111/111/111	bbb/bbb/bxb/ppb	ppp/ppp/ddp/ppp
health/hospital	0	1	3	1	1	1/1/1	b/b/x	p/p/p
health/hospital	0	2	3	2	2	11/11/11	bb/bb/xx	pp/pp/pp
health/hospital	0	3	3	3	3	111/111/111	bbb/bbb/xxx	ppp/ppp/ppp
health/hospital	0	4	3	4	4	1111/1111/1111	bbbb/bbbb/xxxx	pppp/pppp/pppp
health/hospital	0	5	3	5	5	11111/11111/11111	bbbbb/bbbbb/xxxxx	ppppp/ppppp/ppppp
health/hospital	0	1	5	2	2	1/1/1/1/1	x/b/b/b/x	p/p/p/p/p
health/hospital	0	2	5	4	4	11/11/11/11/11	xx/bb/bb/bb/xx	pp/pp/pp/pp/pp
health/hospital	0	3	5	6	6	111/111/111/111/111	xxx/bbb/bbb/bbb/xxx	ppp/ppp/ppp/ppp/ppp
health/hospital	0	4	5	8	8	1111/1111/1111/1111/1111	xxxx/bbbb/bbbb/bbbb/xxxx	pppp/pppp/pppp/pppp/pppp
health/hospital	0	5	5	10	10	11111/11111/11111/11111/11111	xxxxx/bbbbb/bbbbb/bbbbb/xxxxx	ppppp/ppppp/ppppp/ppppp/ppppp
health/physician	0	1	4	1	1	1/1/1/1	b/x/b/b	p/d/p/p
health/physician	0	2	4	2	2	11/11/11/11	bb/xx/bb/bb	pp/dd/pp/pp
health/physician	0	2	6	4	4	11/11/11/11/11/11	bb/xx/bb/xx/bb/bb	pp/dd/pp/dd/pp/pp
health/physician	1	1	1	1	1	1	x	p
health/physician	1	2	1	2	2	11	xb	pp
health/physician	1	3	1	3	3	111	xbb	ppp
health/physician	1	4	1	4	4	1111	xbbb	pppp
health/physician	1	5	1	5	5	11111	bxbbb	ppppp
health/physician	1	6	1	6	6	111111	bbxbbb	pppppp
health/physician	1	7	1	7	7	1111111	bbbxbbb	ppppppp
home/chamber	0	6	7	1	1	111111/111111/111111/111111/111111/111111/111111	bpbbpb/bpbbpb/bpbbpb/bppppb/pppppp/bbppbb/bbrrbb	pppppp/pppppp/pppppp/pppppp/pppppp/pppppp/pppppp
industry/mine	0	3	2	6	2	111/111	bxb/bxb	psp/psp
industry/mine	0	4	2	8	4	1111/1111	bxxb/bxxb	pssp/pssp
industry/mine	0	5	2	10	6	11111/11111	bxxxb/bxxxb	psssp/psssp
industry/mine	0	6	2	12	8	111111/111111	bxxxxb/bxxxxb	pssssp/pssssp
industry/mine	0	7	2	14	10	1111111/1111111	bxxxxxb/bxxxxxb	psssssp/psssssp
industry/mine	0	8	2	16	12	11111111/11111111	bxxxxxxb/bxxxxxxb	pssssssp/pssssssp
industry/mine	0	9	2	18	14	111111111/111111111	bxxxxxxxb/bxxxxxxxb	psssssssp/psssssssp
industry/mine	0	10	2	20	16	1111111111/1111111111	bxxxxxxxxb/bxxxxxxxxb	pssssssssp/pssssssssp
industry/mine	0	11	2	22	18	11111111111/11111111111	bxxxxxxxxxb/bxxxxxxxxxb	psssssssssp/psssssssssp
industry/mine	0	12	2	24	20	111111111111/111111111111	bxxxxxxxxxxb/bxxxxxxxxxxb	pssssssssssp/pssssssssssp
industry/mine	1	1	1	1	1	1	b	p
industry/mine	1	2	1	2	2	11	bx	pw
industry/mine	1	3	1	3	3	111	bxb	pwp
industry/mine	1	4	1	4	4	1111	bxbb	pwpp
industry/mine	1	2	2	4	4	11/11	bx/bb	pw/pp
industry/mine	1	3	2	6	6	111/111	bxb/xbb	pwp/wpp
industry/mine	1	4	2	8	8	1111/1111	bxbb/bbbx	pwpp/pppw
industry/mine	1	5	2	10	10	11111/11111	xbbxb/xbbxb	wppwp/wppwp
industry/mine	1	6	2	12	12	111111/111111	xbbbxb/xbbbxb	wpppwp/wpppwp
industry/mine	1	7	2	14	14	1111111/1111111	xbbbxbb/xbbbxbb	wpppwpp/wpppwpp
industry/refiner	0	2	4	2	2	11/11/11/11	bb/xb/xb/bb	pp/wp/wp/pp
industry/refiner	0	2	5	3	3	11/11/11/11/11	bb/xb/xb/xb/bb	pp/wp/wp/wp/pp
industry/refiner	0	2	7	5	5	11/11/11/11/11/11/11	bb/xb/xb/xb/xb/xb/bb	pp/wp/wp/wp/wp/wp/pp
industry/refiner	0	2	8	6	6	11/11/11/11/11/11/11/11	bb/xb/xb/xb/xb/xb/xb/bb	pp/wp/wp/wp/wp/wp/wp/pp
industry/refiner	0	4	4	4	4	1111/1111/1111/1111	bbbb/xbbx/xbbx/bbbb	pppp/wppw/wppw/pppp
industry/refiner	0	4	5	6	6	1111/1111/1111/1111/1111	bbbb/xbbx/xbbx/xbbx/bbbb	pppp/wppw/wppw/wppw/pppp
industry/refiner	0	4	7	10	10	1111/1111/1111/1111/1111/1111/1111	bbbb/xbbx/xbbx/xbbx/xbbx/xbbx/bbbb	pppp/wppw/wppw/wppw/wppw/wppw/pppp
industry/refiner	0	4	8	12	12	1111/1111/1111/1111/1111/1111/1111/1111	bbbb/xbbx/xbbx/xbbx/xbbx/xbbx/xbbx/bbbb	pppp/wppw/wppw/wppw/wppw/wppw/wppw/pppp
industry/refiner	1	4	1	2	2	1111	bxxb	pppp
industry/refiner	1	5	1	3	3	11111	bxxxb	ppppp
industry/refiner	1	6	1	4	4	111111	bxxxxb	pppppp
industry/refiner	1	7	1	5	5	1111111	bxxxxxb	ppppppp
industry/refiner	1	8	1	6	6	11111111	bxxxxxxb	pppppppp
industry/refiner	1	9	1	7	7	111111111	bxxxxxxxb	ppppppppp
industry/refiner	1	4	2	4	4	1111/1111	bxxb/bxxb	pppp/pppp
industry/refiner	1	5	2	6	6	11111/11111	bxxxb/bxxxb	ppppp/ppppp
industry/refiner	1	6	2	8	8	111111/111111	bxxxxb/bxxxxb	pppppp/pppppp
industry/refiner	1	7	2	10	10	1111111/1111111	bxxxxxb/bxxxxxb	ppppppp/ppppppp
industry/refiner	1	8	2	12	12	11111111/11111111	bxxxxxxb/bxxxxxxb	pppppppp/pppppppp
industry/refiner	1	9	2	14	14	111111111/111111111	bxxxxxxxb/bxxxxxxxb	ppppppppp/ppppppppp
industry/refiner	2	3	1	3	3	111	bbb	ppp
industry/refiner	2	4	1	4	4	1111	bbbb	pppp
industry/refiner	2	4	2	8	8	1111/1111	bbbb/bbbb	pppp/pppp
industry/refiner	2	5	2	10	10	11111/11111	bbbbb/bbbbb	ppppp/ppppp
industry/refiner	2	3	4	12	12	111/111/111/111	bbb/bbb/bbb/bbb	ppp/ppp/ppp/ppp
industry/woodcutter	0	2	2	6	2	11/11	xb/xb	sp/sp
industry/woodcutter	0	3	2	8	4	111/111	xxb/xxb	ssp/ssp
industry/woodcutter	0	4	2	10	6	1111/1111	xxxb/xxxb	sssp/sssp
industry/woodcutter	0	5	2	12	8	11111/11111	xxxxb/xxxxb	ssssp/ssssp
industry/woodcutter	0	6	2	14	10	111111/111111	xxxxxb/xxxxxb	sssssp/sssssp
industry/woodcutter	0	7	2	16	12	1111111/1111111	xxxxxxb/xxxxxxb	ssssssp/ssssssp
industry/woodcutter	0	8	2	18	14	11111111/11111111	xxxxxxxb/xxxxxxxb	sssssssp/sssssssp
industry/woodcutter	0	9	2	20	16	111111111/111111111	xxxxxxxxb/xxxxxxxxb	ssssssssp/ssssssssp
industry/woodcutter	0	10	2	22	18	1111111111/1111111111	xxxxxxxxxb/xxxxxxxxxb	sssssssssp/sssssssssp
industry/woodcutter	0	11	2	24	20	11111111111/11111111111	xxxxxxxxxxb/xxxxxxxxxxb	ssssssssssp/ssssssssssp
industry/woodcutter	1	1	1	1	1	1	b	p
industry/woodcutter	1	2	1	2	2	11	bx	pw
industry/woodcutter	1	3	1	3	3	111	bxb	pwp
industry/woodcutter	1	4	1	4	4	1111	bxbb	pwpp
industry/woodcutter	1	2	2	4	4	11/11	bx/bb	pw/pp
industry/woodcutter	1	3	2	6	6	111/111	bxb/xbb	pwp/wpp
industry/woodcutter	1	4	2	8	8	1111/1111	bxbb/bbbx	pwpp/pppw
industry/woodcutter	1	5	2	10	10	11111/11111	xbbxb/xbbxb	wppwp/wppwp
industry/woodcutter	1	6	2	12	12	111111/111111	xbbbxb/xbbbxb	wpppwp/wpppwp
industry/woodcutter	1	7	2	14	14	1111111/1111111	xbbbxbb/xbbbxbb	wpppwpp/wpppwpp
industry/workshop	1	3	2	2	2	111/111	xbb/pxb	wwp/ppp
industry/workshop	1	4	2	3	3	1111/1111	bxbb/xpxb	wwwp/pppp
industry/workshop	1	6	2	5	5	111111/111111	bxbbbx/xpxbxp	wwwpww/pppppp
industry/workshop	1	7	2	6	6	1111111/1111111	bxbbbxb/xpxbxpx	wwwpwww/ppppppp
industry/workshop	1	10	2	8	8	1111111111/1111111111	bxbbbxbbbx/xpxbxpxbxp	wwwpwwwpww/pppppppppp
industry/workshop	1	11	2	9	9	11111111111/11111111111	bxbbbxbbbxb/xpxbxpxbxpx	wwwpwwwpwww/ppppppppppp
industry/workshop	1	14	2	11	11	11111111111111/11111111111111	bxbbbxbbbxbbbx/xpxbxpxbxpxbxp	wwwpwwwpwwwpww/pppppppppppppp
industry/workshop	1	15	2	12	12	111111111111111/111111111111111	bxbbbxbbbxbbbxb/xpxbxpxbxpxbxpx	wwwpwwwpwwwpwww/ppppppppppppppp
industry/workshop	1	4	3	4	4	1111/1111/1111	bbbb/xbbx/pxxp	pppp/pwwp/pwwp
industry/workshop	1	4	4	6	6	1111/1111/1111/1111	bbbb/xbbx/pxxp/xbbx	pppp/pwwp/pwwp/pwwp
industry/workshop	1	4	7	10	10	1111/1111/1111/1111/1111/1111/1111	bbbb/xbbx/pxxp/xbbx/bbbb/xbbx/pxxp	pppp/pwwp/pwwp/pwwp/pppp/pwwp/pwwp
industry/workshop	1	4	8	12	12	1111/1111/1111/1111/1111/1111/1111/1111	bbbb/xbbx/pxxp/xbbx/bbbb/xbbx/pxxp/xbbx	pppp/pwwp/pwwp/pwwp/pppp/pwwp/pwwp/pwwp
industry/workshop	1	4	11	14	14	1111/1111/1111/1111/1111/1111/1111/1111/1111/1111/1111	bbbb/xbbx/pxxp/xbbx/bbbb/xbbx/pxxp/xbbx/bbbb/xbbx/pxxp	pppp/pwwp/pwwp/pwwp/pppp/pwwp/pwwp/pwwp/pppp/pwwp/pwwp
industry/workshop	1	4	12	16	16	1111/1111/1111/1111/1111/1111/1111/1111/1111/1111/1111/1111	bbbb/xbbx/pxxp/xbbx/bbbb/xbbx/pxxp/xbbx/bbbb/xbbx/pxxp/xbbx	pppp/pwwp/pwwp/pwwp/pppp/pwwp/pwwp/pwwp/pppp/pwwp/pwwp/pwwp
industry/workshop	2	1	1	1	1	1	b	p
industry/workshop	2	2	1	2	2	11	bb	pp
industry/workshop	2	3	1	3	3	111	bbb	ppp
industry/workshop	2	4	1	4	4	1111	bbbb	pppp
industry/workshop	2	5	1	5	5	11111	bbbbb	ppppp
industry/workshop	2	6	1	6	6	111111	bbbbbb	pppppp
industry/workshop	2	2	2	4	4	11/11	bb/bb	pp/pp
industry/workshop	2	2	3	6	6	11/11/11	bb/bb/bb	pp/pp/pp
industry/workshop	2	2	4	8	8	11/11/11/11	bb/bb/bb/bb	pp/pp/pp/pp
industry/workshop	2	2	5	10	10	11/11/11/11/11	bb/bb/bb/bb/bb	pp/pp/pp/pp/pp
industry/workshop	2	2	6	12	12	11/11/11/11/11/11	bb/bb/bb/bb/bb/bb	pp/pp/pp/pp/pp/pp
infra/admin	0	3	3	1	1	111/111/111	bbb/bbb/pxp	ppp/ppp/ppp
infra/admin	0	4	3	2	2	1111/1111/1111	bbbb/bbbb/pxxp	pppp/pppp/pppp
infra/admin	0	5	3	3	3	11111/11111/11111	bbbbb/bbbbb/pxxxp	ppppp/ppppp/ppppp
infra/admin	0	6	3	4	4	111111/111111/111111	bbbbbb/bbbbbb/pxxxxp	pppppp/pppppp/pppppp
infra/admin	0	7	3	5	5	1111111/1111111/1111111	bbbbbbb/bbbbbbb/pxxxxxp	ppppppp/ppppppp/ppppppp
infra/admin	0	8	3	6	6	11111111/11111111/11111111	bbbbbbbb/bbbbbbbb/pxxxxxxp	pppppppp/pppppppp/pppppppp
infra/admin	0	9	3	7	7	111111111/111111111/111111111	bbbbbbbbb/bbbbbbbbb/pxxxxxxxp	ppppppppp/ppppppppp/ppppppppp
infra/admin	0	3	5	2	2	111/111/111/111/111	pxp/bbb/bbb/bbb/pxp	ppp/ppp/ppp/ppp/ppp
infra/admin	0	4	5	4	4	1111/1111/1111/1111/1111	pxxp/bbbb/bbbb/bbbb/pxxp	pppp/pppp/pppp/pppp/pppp
infra/admin	0	5	5	6	6	11111/11111/11111/11111/11111	pxxxp/bbbbb/bbbbb/bbbbb/pxxxp	ppppp/ppppp/ppppp/ppppp/ppppp
infra/admin	0	6	5	8	8	111111/111111/111111/111111/111111	pxxxxp/bbbbbb/bbbbbb/bbbbbb/pxxxxp	pppppp/pppppp/pppppp/pppppp/pppppp
infra/admin	0	7	5	10	10	1111111/1111111/1111111/1111111/1111111	pxxxxxp/bbbbbbb/bbbbbbb/bbbbbbb/pxxxxxp	ppppppp/ppppppp/ppppppp/ppppppp/ppppppp
infra/admin	0	8	5	12	12	11111111/11111111/11111111/11111111/11111111	pxxxxxxp/bbbbbbbb/bbbbbbbb/bbbbbbbb/pxxxxxxp	pppppppp/pppppppp/pppppppp/pppppppp/pppppppp
infra/admin	0	9	5	14	14	111111111/111111111/111111111/111111111/111111111	pxxxxxxxp/bbbbbbbbb/bbbbbbbbb/bbbbbbbbb/pxxxxxxxp	ppppppppp/ppppppppp/ppppppppp/ppppppppp/ppppppppp
infra/admin	1	2	1	1	1	11	bx	pp
infra/admin	1	3	1	2	2	111	bxx	ppp
infra/admin	1	4	1	3	3	1111	bxxx	pppp
infra/admin	1	5	1	4	4	11111	bxxxx	ppppp
infra/admin	1	6	1	5	5	111111	bxxxxx	pppppp
infra/admin	1	2	2	2	2	11/11	bx/bx	pp/pp
infra/admin	1	3	2	4	4	111/111	bxx/bxx	ppp/ppp
infra/admin	1	4	2	6	6	1111/1111	bxxx/bxxx	pppp/pppp
infra/admin	1	5	2	8	8	11111/11111	bxxxx/bxxxx	ppppp/ppppp
infra/admin	1	6	2	10	10	111111/111111	bxxxxx/bxxxxx	pppppp/pppppp
infra/bench	0	1	1	1	1	1	x	p
infra/bench	0	2	1	2	2	11	xx	pp
infra/bench	0	3	1	3	3	111	xxx	ppp
infra/bench	0	4	1	4	4	1111	xxxx	pppp
infra/bench	0	5	1	5	5	11111	xxxxx	ppppp
infra/bench	0	6	1	6	6	111111	xxxxxx	pppppp
infra/bench	0	7	1	7	7	1111111	xxxxxxx	ppppppp
infra/bench	0	8	1	8	8	11111111	xxxxxxxx	pppppppp
infra/builder	0	1	1	0	0	1	b	p
infra/elderly	0	3	1	1	1	111	bxb	ppp
infra/elderly	0	4	1	2	2	1111	bxxb	pppp
infra/elderly	0	5	1	3	3	11111	bxxxb	ppppp
infra/elderly	0	6	1	4	4	111111	bxxxxb	pppppp
infra/elderly	0	7	1	5	5	1111111	bxxxxxb	ppppppp
infra/elderly	0	3	4	6	6	111/111/111/111	pxp/bbb/bbb/pxp	ppp/ppp/ppp/ppp
infra/elderly	0	4	4	10	10	1111/1111/1111/1111	pxxp/bbbb/bbbb/pxxp	pppp/pppp/pppp/pppp
infra/elderly	0	5	4	14	14	11111/11111/11111/11111	pxxxp/bbbbb/bbbbb/pxxxp	ppppp/ppppp/ppppp/ppppp
infra/elderly	0	6	4	18	18	111111/111111/111111/111111	pxxxxp/bbbbbb/bbbbbb/pxxxxp	pppppp/pppppp/pppppp/pppppp
infra/elderly	0	7	4	22	22	1111111/1111111/1111111/1111111	pxxxxxp/bbbbbbb/bbbbbbb/pxxxxxp	ppppppp/ppppppp/ppppppp/ppppppp
infra/elderly	1	2	2	4	4	11/11	bb/bb	pp/pp
infra/elderly	1	3	2	6	6	111/111	bbb/bbb	ppp/ppp
infra/elderly	1	3	3	9	9	111/111/111	bbb/bbb/bbb	ppp/ppp/ppp
infra/elderly	1	4	4	16	16	1111/1111/1111/1111	bbbb/bbbb/bbbb/bbbb	pppp/pppp/pppp/pppp
infra/elderly	2	2	1	1	1	11	bb	pp
infra/elderly	2	3	1	2	2	111	bbb	ppp
infra/elderly	2	4	1	3	3	1111	bbbb	pppp
infra/elderly	2	5	1	4	4	11111	bbbbb	ppppp
infra/elderly	2	6	1	5	5	111111	bbbbbb	pppppp
infra/elderly	2	7	1	6	6	1111111	bbbbbbb	ppppppp
infra/embassy	0	3	2	1	1	111/111	bxb/bbb	ppp/ppp
infra/embassy	0	4	2	2	2	1111/1111	bxxb/bbbb	pppp/pppp
infra/embassy	0	5	2	3	3	11111/11111	bxxxb/bbbbb	ppppp/ppppp
infra/embassy	0	6	2	4	4	111111/111111	bxxxxb/bbbbbb	pppppp/pppppp
infra/embassy	0	7	2	5	5	1111111/1111111	bxxxxxb/bbbbbbb	ppppppp/ppppppp
infra/embassy	0	3	4	2	2	111/111/111/111	bxb/bbb/bbb/bxb	ppp/ppp/ppp/ppp
infra/embassy	0	4	4	4	4	1111/1111/1111/1111	bxxb/bbbb/bbbb/bxxb	pppp/pppp/pppp/pppp
infra/embassy	0	5	4	6	6	11111/11111/11111/11111	bxxxb/bbbbb/bbbbb/bxxxb	ppppp/ppppp/ppppp/ppppp
infra/embassy	0	6	4	8	8	111111/111111/111111/111111	bxxxxb/bbbbbb/bbbbbb/bxxxxb	pppppp/pppppp/pppppp/pppppp
infra/embassy	0	7	4	10	10	1111111/1111111/1111111/1111111	bxxxxxb/bbbbbbb/bbbbbbb/bxxxxxb	ppppppp/ppppppp/ppppppp/ppppppp
infra/embassy	1	2	1	1	1	11	bb	pp
infra/embassy	1	3	1	2	2	111	bbb	ppp
infra/embassy	1	4	1	3	3	1111	bbbb	pppp
infra/embassy	1	6	1	4	4	111111	bbbbbb	pppppp
infra/embassy	1	2	2	2	2	11/11	bb/bb	pp/pp
infra/embassy	1	3	2	4	4	111/111	bbb/bbb	ppp/ppp
infra/embassy	1	4	2	6	6	1111/1111	bbbb/bbbb	pppp/pppp
infra/embassy	1	5	2	8	8	11111/11111	bbbbb/bbbbb	ppppp/ppppp
infra/embassy	1	6	2	10	10	111111/111111	bbbbbb/bbbbbb	pppppp/pppppp
infra/export	0	5	5	6	6	11111/11111/11111/11111/11111	ppppp/pxbxp/pxbxp/pxbxp/ppppp	ppppp/psdsp/pspsp/psdsp/ppppp
infra/export	0	5	6	8	8	11111/11111/11111/11111/11111/11111	ppppp/pxbxp/pxbxp/pxbxp/pxbxp/ppppp	ppppp/psdsp/pspsp/pspsp/psdsp/ppppp
infra/export	0	5	7	10	10	11111/11111/11111/11111/11111/11111/11111	ppppp/pxbxp/pxbxp/pxbxp/pxbxp/pxbxp/ppppp	ppppp/psdsp/pspsp/pspsp/pspsp/psdsp/ppppp
infra/export	0	5	8	12	12	11111/11111/11111/11111/11111/11111/11111/11111	ppppp/pxbxp/pxbxp/pxbxp/pxbxp/pxbxp/pxbxp/ppppp	ppppp/psdsp/pspsp/pspsp/pspsp/pspsp/psdsp/ppppp
infra/export	0	5	9	14	14	11111/11111/11111/11111/11111/11111/11111/11111/11111	ppppp/pxbxp/pxbxp/pxbxp/pxbxp/pxbxp/pxbxp/pxbxp/ppppp	ppppp/psdsp/pspsp/pspsp/pspsp/pspsp/pspsp/psdsp/ppppp
infra/export	0	5	10	16	16	11111/11111/11111/11111/11111/11111/11111/11111/11111/11111	ppppp/pxbxp/pxbxp/pxbxp/pxbxp/pxbxp/pxbxp/pxbxp/pxbxp/ppppp	ppppp/psdsp/pspsp/pspsp/pspsp/pspsp/pspsp/pspsp/psdsp/ppppp
infra/export	0	5	11	18	18	11111/11111/11111/11111/11111/11111/11111/11111/11111/11111/11111	ppppp/pxbxp/pxbxp/pxbxp/pxbxp/pxbxp/pxbxp/pxbxp/pxbxp/pxbxp/ppppp	ppppp/psdsp/pspsp/pspsp/pspsp/pspsp/pspsp/pspsp/pspsp/psdsp/ppppp
infra/export	0	9	11	40	40	111111111/111111111/111111111/111111111/111111111/111111111/111111111/111111111/111111111/111111111/111111111	ppppppppp/pxbxpxbxp/pxbxpxbxp/pxbxpxbxp/pxbxpxbxp/pxbxpxbxp/pxbxpxbxp/pxbxpxbxp/pxbxpxbxp/pxbxpxbxp/ppppppppp	ppppppppp/psdspsdsp/pspspspsp/pspspspsp/pspspspsp/pspspspsp/pspspspsp/pspspspsp/pspspspsp/psdspsdsp/ppppppppp
infra/export	0	13	11	60	60	1111111111111/1111111111111/1111111111111/1111111111111/1111111111111/1111111111111/1111111111111/1111111111111/1111111111111/1111111111111/1111111111111	ppppppppppppp/pxbxpxbxpxbxp/pxbxpxbxpxbxp/pxbxpxbxpxbxp/pxbxpxbxpxbxp/pxbxpxbxpxbxp/pxbxpxbxpxbxp/pxbxpxbxpxbxp/pxbxpxbxpxbxp/pxbxpxbxpxbxp/ppppppppppppp	ppppppppppppp/psdspsdspsdsp/pspspspspspsp/pspspspspspsp/pspspspspspsp/pspspspspspsp/pspspspspspsp/pspspspspspsp/pspspspspspsp/psdspsdspsdsp/ppppppppppppp
infra/gate	0	1	2	1	1	1/1	p/p	p/p
infra/gate	0	1	3	1.5	1.5	1/1/1	p/p/p	p/p/p
infra/gate	0	1	4	2	2	1/1/1/1	p/p/p/p	p/p/p/p
infra/gate	0	2	5	6	6	11/11/11/11/11	pp/pp/pp/pp/pp	pp/pp/pp/pp/pp
infra/gate	0	2	6	8	8	11/11/11/11/11/11	pp/pp/pp/pp/pp/pp	pp/pp/pp/pp/pp/pp
infra/gate	0	2	7	10	10	11/11/11/11/11/11/11	pp/pp/pp/pp/pp/pp/pp	pp/pp/pp/pp/pp/pp/pp
infra/hauler	0	1	2	1	1	1/1	b/p	p/d
infra/hauler	0	2	2	2	2	11/11	bb/pp	pp/dd
infra/hauler	0	3	3	4	4	111/111/111	bpb/pbp/bpb	pdp/dpd/pdp
infra/hauler	0	5	3	11	11	11111/11111/11111	bpppb/ppbpp/bpppb	pdddp/ddpdd/pdddp
infra/hauler	0	5	5	20	20	11111/11111/11111/11111/11111	bpppb/ppppp/ppbpp/ppppp/bpppb	pdddp/ddddd/ddpdd/ddddd/pdddp
infra/hauler	0	7	7	44	44	1111111/1111111/1111111/1111111/1111111/1111111/1111111	bpppppb/ppppppp/ppppppp/pppbppp/ppppppp/ppppppp/bpppppb	pdddddp/ddddddd/ddddddd/dddpddd/ddddddd/ddddddd/pdddddp
infra/importt	0	5	5	5	4	11111/11111/11111/11111/11111	ppppp/pxxbp/ppppp/pxxbp/ppppp	ppppp/ppppp/ppppp/ppppp/ppppp
infra/importt	0	6	5	6	6	111111/111111/111111/111111/111111	pppppp/pxxxbp/pppppp/pxxxbp/pppppp	pppppp/pppppp/pppppp/pppppp/pppppp
infra/importt	0	7	5	8	8	1111111/1111111/1111111/1111111/1111111	ppppppp/pxxxxbp/ppppppp/pxxxxbp/ppppppp	ppppppp/ppppppp/ppppppp/ppppppp/ppppppp
infra/importt	0	8	5	10	10	11111111/11111111/11111111/11111111/11111111	pppppppp/pxxxxxbp/pppppppp/pxxxxxbp/pppppppp	pppppppp/pppppppp/pppppppp/pppppppp/pppppppp
infra/importt	0	9	5	12	12	111111111/111111111/111111111/111111111/111111111	ppppppppp/pxxxxxxbp/ppppppppp/pxxxxxxbp/ppppppppp	ppppppppp/ppppppppp/ppppppppp/ppppppppp/ppppppppp
infra/importt	0	9	8	26	26	111111111/111111111/111111111/111111111/111111111/111111111/111111111/111111111	ppppppppp/pbxxxxxbp/ppppppppp/pxxxxxxxp/pxxxxxxxp/ppppppppp/pbxxxxxbp/ppppppppp	ppppppppp/ppppppppp/ppppppppp/ppppppppp/ppppppppp/ppppppppp/ppppppppp/ppppppppp
infra/importt	0	9	11	40	40	111111111/111111111/111111111/111111111/111111111/111111111/111111111/111111111/111111111/111111111/111111111	ppppppppp/pbxxxxxbp/ppppppppp/pxxxxxxxp/pxxxxxxxp/ppppppppp/pxxxxxxxp/pxxxxxxxp/ppppppppp/pbxxxxxbp/ppppppppp	ppppppppp/ppppppppp/ppppppppp/ppppppppp/ppppppppp/ppppppppp/ppppppppp/ppppppppp/ppppppppp/ppppppppp/ppppppppp
infra/inn	0	3	3	1	1	111/111/111	bbb/bpb/brb	ddd/ddd/dpd
infra/inn	0	6	3	2	2	111111/111111/111111	bbbbbb/bpbbpb/brbbrb	dddddd/dddddd/dpddpd
infra/inn	0	9	3	3	3	111111111/111111111/111111111	bbbbbbbbb/bpbbpbbpb/brbbrbbrb	ddddddddd/ddddddddd/dpddpddpd
infra/inn	0	12	3	4	4	111111111111/111111111111/111111111111	bbbbbbbbbbbb/bpbbpbbpbbpb/brbbrbbrbbrb	dddddddddddd/dddddddddddd/dpddpddpddpd
infra/inn	1	1	1	1	1	1	b	p
infra/inn	1	2	1	2	2	11	bb	pp
infra/inn	1	3	1	3	3	111	bbb	ppp
infra/inn	1	5	1	4	4	11111	bbbbb	ppppd
infra/inn	1	6	1	5	5	111111	bbbbbb	ppppdd
infra/inn	1	7	1	6	6	1111111	bbbbbbb	ppppddd
infra/inn	1	8	1	7	7	11111111	bbbbbbbb	ppppdddd
infra/janitor	0	5	1	1	1	11111	bxxxb	pdddp
infra/janitor	1	2	1	1	1	11	bb	pp
infra/janitor	1	3	1	1.5	1.5	111	bbb	ppp
infra/janitor	1	4	1	2	2	1111	bbbb	pppp
infra/monument/imp	0	1	1	1	1	1	p	p
infra/monument/imp	0	2	2	6	2	11/11	pp/pp	pp/pp
infra/monument/imp	0	3	3	12	4	111/111/111	ppp/ppp/ppp	ppp/ppp/ppp
infra/monument/torch	0	1	1	1	1	1	b	p
infra/monument/torch	0	2	2	4	4	11/11	bb/bb	pp/pp
infra/station	0	7	12	1	1	1111111/1111111/1111111/1111111/1111111/1111111/1111111/1111111/1111111/1111111/1111111/1111111	ppppppp/ppbbbpp/pbbbbbp/pbpbbbp/pbpbpbp/pbpbpbp/pbpbpbp/pbpbpbp/pbpbpbp/pbpbpbp/pbpbpbp/ppppppp	ppppppp/pdpppdp/ppppppp/ppppppp/ppppdpp/ppppdpp/ppppdpp/ppppdpp/ppppdpp/ppppdpp/ppppdpp/ppppppp
infra/station	0	8	12	1.15	1.15	11111111/11111111/11111111/11111111/11111111/11111111/11111111/11111111/11111111/11111111/11111111/11111111	pppppppp/ppbbbbpp/pbbbbbbp/pbbpbbbp/pbbpbpbp/pbbpbpbp/pbbpbpbp/pbbpbpbp/pbbpbpbp/pbbpbpbp/pbbpbpbp/pppppppp	pppppppp/pdppppdp/pppppppp/pppppppp/pppppdpp/pppppdpp/pppppdpp/pppppdpp/pppppdpp/pppppdpp/pppppdpp/pppppppp
infra/station	0	11	12	1.6	1.6	11111111111/11111111111/11111111111/11111111111/11111111111/11111111111/11111111111/11111111111/11111111111/11111111111/11111111111/11111111111	ppppppppppp/ppbbbbbbbpp/pbbbbbbbbbp/pbbpbbbpbbp/pbbpbpbpbbp/pbbpbpbpbbp/pbbpbpbpbbp/pbbpbpbpbbp/pbbpbpbpbbp/pbbpbpbpbbp/pbbpbpbpbbp/ppppppppppp	ppppppppppp/pdpppppppdp/ppppppppppp/ppppppppppp/pppppdppppp/pppppdppppp/pppppdppppp/pppppdppppp/pppppdppppp/pppppdppppp/pppppdppppp/ppppppppppp
infra/stockpile	0	2	1	2	1	11	xb	pp
infra/stockpile	0	3	1	3	2	111	xxb	ppp
infra/stockpile	0	4	1	4	3	1111	xxxb	pppp
infra/stockpile	0	5	1	5	4	11111	xxxxb	ppppp
infra/stockpile	0	6	1	6	5	111111	xxxxxb	pppppp
infra/stockpile	0	7	1	7	6	1111111	xxxxxxb	ppppppp
infra/stockpile	0	2	2	4	2	11/11	xx/bb	pp/pp
infra/stockpile	0	2	3	6	4	11/11/11	xx/xx/bb	pp/pp/pp
infra/stockpile	0	2	4	8	6	11/11/11/11	xx/xx/xx/bb	pp/pp/pp/pp
infra/stockpile	0	2	5	10	8	11/11/11/11/11	xx/xx/xx/xx/bb	pp/pp/pp/pp/pp
infra/stockpile	0	2	6	12	10	11/11/11/11/11/11	xx/xx/xx/xx/xx/bb	pp/pp/pp/pp/pp/pp
infra/stockpile	0	2	7	14	12	11/11/11/11/11/11/11	xx/xx/xx/xx/xx/xx/bb	pp/pp/pp/pp/pp/pp/pp
infra/transport	0	5	12	1	1	11111/11111/11111/11111/11111/11111/11111/11111/11111/11111/11111/11111	bpppb/ppppp/pbbbp/pbbbp/pbbbp/pbbbp/pbbbp/pbbbp/pbbbp/pbbbp/ppppp/bpppb	ppppp/ppppp/ppdpp/ppdpp/ppdpp/ppdpp/ppdpp/ppdpp/ppdpp/ppppp/ppppp/ppppp
knowledge/laboratory	0	5	2	5	5	11111/11111	xbbbx/pxxxp	ppppp/ppppp
knowledge/laboratory	0	6	2	6	6	111111/111111	xbbbbx/pxxxxp	pppppp/pppppp
knowledge/laboratory	0	7	2	7	7	1111111/1111111	xbbbbbx/pxxxxxp	ppppppp/ppppppp
knowledge/laboratory	0	8	2	8	8	11111111/11111111	xbbbbbbx/pxxxxxxp	pppppppp/pppppppp
knowledge/laboratory	0	9	2	9	9	111111111/111111111	xbbbbbbbx/pxxxxxxxp	ppppppppp/ppppppppp
knowledge/laboratory	0	5	4	10	10	11111/11111/11111/11111	pxxxp/xbbbx/xbbbx/pxxxp	ppppp/ppppp/ppppp/ppppp
knowledge/laboratory	0	6	4	12	12	111111/111111/111111/111111	pxxxxp/xbbbbx/xbbbbx/pxxxxp	pppppp/pppppp/pppppp/pppppp
knowledge/laboratory	0	7	4	14	14	1111111/1111111/1111111/1111111	pxxxxxp/xbbbbbx/xbbbbbx/pxxxxxp	ppppppp/ppppppp/ppppppp/ppppppp
knowledge/laboratory	0	8	4	16	16	11111111/11111111/11111111/11111111	pxxxxxxp/xbbbbbbx/xbbbbbbx/pxxxxxxp	pppppppp/pppppppp/pppppppp/pppppppp
knowledge/laboratory	0	9	4	18	18	111111111/111111111/111111111/111111111	pxxxxxxxp/xbbbbbbbx/xbbbbbbbx/pxxxxxxxp	ppppppppp/ppppppppp/ppppppppp/ppppppppp
knowledge/library	0	4	2	1	1	1111/1111	bbbb/ppxp	pppp/pppp
knowledge/library	0	6	2	2	2	111111/111111	bbbbbb/pppxxp	pppppp/pppppp
knowledge/library	0	8	2	3	3	11111111/11111111	bbbbbbbb/ppppxxxp	pppppppp/pppppppp
knowledge/library	0	10	2	4	4	1111111111/1111111111	bbbbbbbbbb/pppppxxxxp	pppppppppp/pppppppppp
knowledge/library	0	12	2	5	5	111111111111/111111111111	bbbbbbbbbbbb/ppppppxxxxxp	pppppppppppp/pppppppppppp
knowledge/library	0	4	4	2	2	1111/1111/1111/1111	ppxp/bbbb/bbbb/ppxp	pppp/pppp/pppp/pppp
knowledge/library	0	6	4	4	4	111111/111111/111111/111111	pppxxp/bbbbbb/bbbbbb/pppxxp	pppppp/pppppp/pppppp/pppppp
knowledge/library	0	8	4	6	6	11111111/11111111/11111111/11111111	ppppxxxp/bbbbbbbb/bbbbbbbb/ppppxxxp	pppppppp/pppppppp/pppppppp/pppppppp
knowledge/library	0	10	4	8	8	1111111111/1111111111/1111111111/1111111111	pppppxxxxp/bbbbbbbbbb/bbbbbbbbbb/pppppxxxxp	pppppppppp/pppppppppp/pppppppppp/pppppppppp
knowledge/library	0	12	4	10	10	111111111111/111111111111/111111111111/111111111111	ppppppxxxxxp/bbbbbbbbbbbb/bbbbbbbbbbbb/ppppppxxxxxp	pppppppppppp/pppppppppppp/pppppppppppp/pppppppppppp
knowledge/school	0	3	2	1	1	111/111	bxb/pxp	ppp/ppp
knowledge/school	0	4	2	2	2	1111/1111	bxxb/pxxp	pppp/pppp
knowledge/school	0	5	2	3	3	11111/11111	bxxxb/pxxxp	ppppp/ppppp
knowledge/school	0	6	2	4	4	111111/111111	bxxxxb/pxxxxp	pppppp/pppppp
knowledge/school	0	7	2	5	5	1111111/1111111	bxxxxbx/pxxxxpx	ppppppp/ppppppp
knowledge/school	0	8	2	6	6	11111111/11111111	xbxxxxbx/xpxxxxpx	pppppppp/pppppppp
knowledge/school	0	9	2	7	7	111111111/111111111	xbxxxxbxx/xpxxxxpxx	ppppppppp/ppppppppp
knowledge/school	0	10	2	8	8	1111111111/1111111111	xxbxxxxbxx/xxpxxxxpxx	pppppppppp/pppppppppp
knowledge/school	1	1	1	1	1	1	b	p
knowledge/school	1	2	1	2	2	11	bb	pp
knowledge/school	1	3	1	3	3	111	bbb	ppp
knowledge/school	1	4	1	4	4	1111	bbbb	pppp
knowledge/school	1	5	1	5	5	11111	bbbbb	ppppp
knowledge/school	1	2	2	4	4	11/11	bb/bb	pp/pp
knowledge/school	1	3	2	6	6	111/111	bbb/bbb	ppp/ppp
knowledge/school	1	4	2	8	8	1111/1111	bbbb/bbbb	pppp/pppp
knowledge/school	1	5	2	10	10	11111/11111	bbbbb/bbbbb	ppppp/ppppp
knowledge/school	1	6	2	12	12	111111/111111	bbbbbb/bbbbbb	pppppp/pppppp
knowledge/university	0	5	2	6	6	11111/11111	xbbbx/bxxxb	ppppp/ppppp
knowledge/university	0	5	4	9	9	11111/11111/11111/11111	xbbbx/xbbbx/pxxxp/bxpxb	ppppp/ppppp/ppppp/ppppp
knowledge/university	0	7	4	13	13	1111111/1111111/1111111/1111111	xbbbbbx/xbbbbbx/pxxpxxp/bxxpxxb	ppppppp/ppppppp/ppppppp/ppppppp
knowledge/university	0	9	6	21	21	111111111/111111111/111111111/111111111/111111111/111111111	xxbbbbbxx/ppbbbbbpp/xxbbbbbxx/ppxxpxxpp/bpxxpxxpb/ppxxpxxpp	ppppppppp/ppppppppp/ppppppppp/ppppppppp/ppppppppp/ppppppppp
knowledge/university	1	1	1	1	1	1	b	p
knowledge/university	1	2	1	2	2	11	bb	pp
knowledge/university	1	3	1	3	3	111	bbb	ppp
knowledge/university	1	4	1	4	4	1111	bbbb	pppp
knowledge/university	1	5	1	5	5	11111	bbbbb	ppppp
knowledge/university	1	2	2	4	4	11/11	bb/bb	pp/pp
knowledge/university	1	3	2	6	6	111/111	bbb/bbb	ppp/ppp
knowledge/university	1	4	2	8	8	1111/1111	bbbb/bbbb	pppp/pppp
knowledge/university	1	5	2	10	10	11111/11111	bbbbb/bbbbb	ppppp/ppppp
knowledge/university	1	6	2	12	12	111111/111111	bbbbbb/bbbbbb	pppppp/pppppp
law/court	0	5	6	1	1	11111/11111/11111/11111/11111/11111	bbbbb/rpbpr/bbbbb/bbbbb/bbbbb/ppxpp	ppppp/ppwpp/ppppp/ppppp/ppppp/ppdpp
law/court	1	4	1	2	2	1111	bxxb	pddp
law/court	1	5	1	3	3	11111	bxxxb	pdddp
law/court	1	6	1	4	4	111111	bxxxxb	pddddp
law/court	1	7	1	5	5	1111111	bxxxxxb	pdddddp
law/court	1	8	1	6	6	11111111	bxxxxxxb	pddddddp
law/court	1	9	1	7	7	111111111	bxxxxxxxb	pdddddddp
law/execution	0	3	3	1	1	111/111/111	ppp/bbb/ppp	ppp/pdp/ppp
law/execution	0	4	3	1.25	2	1111/1111/1111	pppp/bbbb/pppp	pppp/pddp/pppp
law/execution	0	5	3	1.5	3	11111/11111/11111	ppppp/bbbbb/ppppp	ppppp/pdddp/ppppp
law/execution	0	6	3	1.75	4	111111/111111/111111	pppppp/bbbbbb/pppppp	pppppp/pddddp/pppppp
law/execution	0	7	3	2	5	1111111/1111111/1111111	ppppppp/bbbbbbb/ppppppp	ppppppp/pdddddp/ppppppp
law/execution	0	8	3	2.25	6	11111111/11111111/11111111	pppppppp/bbbbbbbb/pppppppp	pppppppp/pddddddp/pppppppp
law/execution	1	3	3	1	1	111/111/111	pbp/pbp/ppp	ppp/pdp/ppp
law/execution	1	4	3	1.25	2	1111/1111/1111	pbbp/pbbp/pppp	pppp/pddp/pppp
law/execution	1	5	3	1.5	3	11111/11111/11111	pbbbp/pbbbp/ppppp	ppppp/pdddp/ppppp
law/execution	1	6	3	1.75	5	111111/111111/111111	pbbbbp/pbbbbp/pppppp	pppppp/pddddp/pppppp
law/execution	1	7	3	2	6	1111111/1111111/1111111	pbbbbbp/pbbbbbp/ppppppp	ppppppp/pdddddp/ppppppp
law/execution	2	3	3	1	1	111/111/111	pbp/pbp/ppp	ppp/pdp/ppp
law/execution	2	4	3	1.25	2	1111/1111/1111	pbbp/pbbp/pppp	pppp/pddp/pppp
law/execution	2	5	3	1.5	3	11111/11111/11111	pbbbp/pbbbp/ppppp	ppppp/pdddp/ppppp
law/execution	2	6	3	1.75	5	111111/111111/111111	pbbbbp/pbbbbp/pppppp	pppppp/pddddp/pppppp
law/execution	2	7	3	2	6	1111111/1111111/1111111	pbbbbbp/pbbbbbp/ppppppp	ppppppp/pdddddp/ppppppp
law/execution	3	3	3	1	1	111/111/111	ppp/bbb/ppp	ppp/pdp/ppp
law/execution	3	5	3	1.25	2	11111/11111/11111	ppppp/bbbbb/ppppp	ppppp/pdpdp/ppppp
law/execution	3	7	3	1.5	3	1111111/1111111/1111111	ppppppp/bbbbbbb/ppppppp	ppppppp/pdpdpdp/ppppppp
law/execution	3	9	3	1.75	5	111111111/111111111/111111111	ppppppppp/bbbbbbbbb/ppppppppp	ppppppppp/pdpdpdpdp/ppppppppp
law/execution	3	11	3	2	6	11111111111/11111111111/11111111111	ppppppppppp/bbbbbbbbbbb/ppppppppppp	ppppppppppp/pdpdpdpdpdp/ppppppppppp
law/guard	0	3	3	9	1	111/111/111	bpp/bpp/bpp	ppp/pdp/ppp
law/guard	0	3	4	12	2	111/111/111/111	bpp/bpp/bpp/bpp	ppp/pdp/pdp/ppp
law/guard	0	3	5	15	3	111/111/111/111/111	bpp/bpp/bpp/bpp/bpp	ppp/pdp/pdp/pdp/ppp
law/guard	0	3	6	18	4	111/111/111/111/111/111	bpp/bpp/bpp/bpp/bpp/bpp	ppp/pdp/pdp/pdp/pdp/ppp
law/guard	0	3	7	21	5	111/111/111/111/111/111/111	bpp/bpp/bpp/bpp/bpp/bpp/bpp	ppp/pdp/pdp/pdp/pdp/pdp/ppp
law/guard	0	3	8	24	6	111/111/111/111/111/111/111/111	bpp/bpp/bpp/bpp/bpp/bpp/bpp/bpp	ppp/pdp/pdp/pdp/pdp/pdp/pdp/ppp
law/guard	0	3	9	27	7	111/111/111/111/111/111/111/111/111	bpp/bpp/bpp/bpp/bpp/bpp/bpp/bpp/bpp	ppp/pdp/pdp/pdp/pdp/pdp/pdp/pdp/ppp
law/guard	0	3	10	30	8	111/111/111/111/111/111/111/111/111/111	bpp/bpp/bpp/bpp/bpp/bpp/bpp/bpp/bpp/bpp	ppp/pdp/pdp/pdp/pdp/pdp/pdp/pdp/pdp/ppp
law/guard	1	3	3	9	2	111/111/111	ppp/pbp/pbp	ppp/ddd/ppp
law/guard	1	5	5	25	6	11111/11111/11111/11111/11111	bbpbb/bpppb/ppbpp/bpppb/bbpbb	ppppp/pdpdp/pdddp/pdpdp/ppppp
law/guard	1	6	6	36	9	111111/111111/111111/111111/111111/111111	bbppbb/bppppb/ppbbpp/ppbbpp/bppppb/bbppbb	pppppp/ppddpp/pddddp/pddddp/ppddpp/pppppp
law/guard	1	8	8	64	18	11111111/11111111/11111111/11111111/11111111/11111111/11111111/11111111	bbbppbbb/bppppppb/bppppppb/pppbbppp/pppbbppp/bppppppb/bppppppb/bbbppbbb	pppppppp/pddddddp/pdppppdp/pdpddpdp/pdpddpdp/pdppppdp/pddddddp/pppppppp
law/police	0	3	2	1	1	111/111	xxx/xbx	ppp/wdw
law/police	0	5	2	2	2	11111/11111	xxxxx/xbxbx	ppppp/wdwdw
law/police	0	7	2	3	3	1111111/1111111	xxxxxxx/xbxbxbx	ppppppp/wdwdwdw
law/police	0	9	2	4	4	111111111/111111111	xxxxxxxxx/xbxbxbxbx	ppppppppp/wdwdwdwdw
law/police	0	11	2	5	5	11111111111/11111111111	xxxxxxxxxxx/xbxbxbxbxbx	ppppppppppp/wdwdwdwdwdw
law/police	1	3	2	1	1	111/111	xxx/xbx	ppp/wdw
law/police	1	5	2	2	2	11111/11111	xxxxx/xbxbx	ppppp/wdwdw
law/police	1	7	2	3	3	1111111/1111111	xxxxxxx/xbxbxbx	ppppppp/wdwdwdw
law/police	1	9	2	4	4	111111111/111111111	xxxxxxxxx/xbxbxbxbx	ppppppppp/wdwdwdwdw
law/police	1	11	2	5	5	11111111111/11111111111	xxxxxxxxxxx/xbxbxbxbxbx	ppppppppppp/wdwdwdwdwdw
law/police	2	3	2	1	1	111/111	xxx/xbx	ppp/wdw
law/police	2	5	2	2	2	11111/11111	xxxxx/xbxbx	ppppp/wdwdw
law/police	2	7	2	3	3	1111111/1111111	xxxxxxx/xbxbxbx	ppppppp/wdwdwdw
law/police	2	9	2	4	4	111111111/111111111	xxxxxxxxx/xbxbxbxbx	ppppppppp/wdwdwdwdw
law/police	2	11	2	5	5	11111111111/11111111111	xxxxxxxxxxx/xbxbxbxbxbx	ppppppppppp/wdwdwdwdwdw
law/police	3	3	2	1	1	111/111	xxx/xbx	ppp/wdw
law/police	3	5	2	2	2	11111/11111	xxxxx/xbxbx	ppppp/wdwdw
law/police	3	7	2	3	3	1111111/1111111	xxxxxxx/xbxbxbx	ppppppp/wdwdwdw
law/police	3	9	2	4	4	111111111/111111111	xxxxxxxxx/xbxbxbxbx	ppppppppp/wdwdwdwdw
law/police	3	11	2	5	5	11111111111/11111111111	xxxxxxxxxxx/xbxbxbxbxbx	ppppppppppp/wdwdwdwdwdw
law/police	4	1	1	1	1	1	x	w
law/police	4	2	1	2	2	11	xx	ww
law/police	4	3	1	3	3	111	xxx	www
law/police	4	4	1	4	4	1111	xxxx	wwww
law/police	4	5	1	5	5	11111	xxxxx	wwwww
law/police	4	1	2	2	2	1/1	x/x	w/w
law/police	4	2	2	4	4	11/11	xx/xx	ww/ww
law/police	4	3	2	6	6	111/111	xxx/xxx	www/www
law/police	4	4	2	8	8	1111/1111	xxxx/xxxx	wwww/wwww
law/police	4	5	2	10	10	11111/11111	xxxxx/xxxxx	wwwww/wwwww
law/prison	0	5	4	1	1	11111/11111/11111/11111	bbbbb/bpppb/brbbb/ppppp	ppppp/ppppp/dddpp/ppppp
law/stockade	0	3	1	1	1	111	ppp	ppp
law/stocks	0	3	3	1	1	111/111/111	ppp/pbp/ppp	ppp/ppp/ppp
law/stocks	0	3	4	2	2	111/111/111/111	ppp/pbp/pbp/ppp	ppp/ppp/ppp/ppp
law/stocks	0	3	5	3	3	111/111/111/111/111	ppp/pbp/pbp/pbp/ppp	ppp/ppp/ppp/ppp/ppp
law/stocks	0	3	6	4	4	111/111/111/111/111/111	ppp/pbp/pbp/pbp/pbp/ppp	ppp/ppp/ppp/ppp/ppp/ppp
law/stocks	0	3	7	5	5	111/111/111/111/111/111/111	ppp/pbp/pbp/pbp/pbp/pbp/ppp	ppp/ppp/ppp/ppp/ppp/ppp/ppp
military/artillery	0	4	3	1	1	1111/1111/1111	bbbp/pbbp/prrp	pppp/pppp/pppp
military/supply	0	7	5	2	2	1111111/1111111/1111111/1111111/1111111	bprprpb/bpbpbpb/bpbpbpb/bpppppb/bbbbbbb	ppdpdpp/ppdpdpp/ppdpdpp/ppppppp/ppppppp
military/supply	0	9	5	3	3	111111111/111111111/111111111/111111111/111111111	bprprprpb/bpbpbpbpb/bpbpbpbpb/bpppppppb/bbbbbbbbb	ppdpdpdpp/ppdpdpdpp/ppdpdpdpp/ppppppppp/ppppppppp
military/supply	0	11	5	4	4	11111111111/11111111111/11111111111/11111111111/11111111111	bprprprprpb/bpbpbpbpbpb/bpbpbpbpbpb/bpppppppppb/bbbbbbbbbbb	ppdpdpdpdpp/ppdpdpdpdpp/ppdpdpdpdpp/ppppppppppp/ppppppppppp
military/supply	0	11	8	8	8	11111111111/11111111111/11111111111/11111111111/11111111111/11111111111/11111111111/11111111111	bprprprprpb/bpbpbpbpbpb/bpbpbpbpbpb/bprprprprpb/bpbpbpbpbpb/bpbpbpbpbpb/bpppppppppb/bbbbbbbbbbb	ppdpdpdpdpp/ppdpdpdpdpp/ppdpdpdpdpp/ppdpdpdpdpp/ppdpdpdpdpp/ppdpdpdpdpp/ppppppppppp/ppppppppppp
military/training/archery	0	3	9	1	1	111/111/111/111/111/111/111/111/111	bbb/bbb/bbb/bbb/bbb/bbb/bbb/bbb/brb	ppp/ppp/ppp/ppp/ppp/ppp/ppp/ppp/ppp
military/training/archery	0	4	9	2	2	1111/1111/1111/1111/1111/1111/1111/1111/1111	bbbb/bbbb/bbbb/bbbb/bbbb/bbbb/bbbb/bbbb/brrb	pppp/pppp/pppp/pppp/pppp/pppp/pppp/pppp/pppp
military/training/archery	0	5	9	3	3	11111/11111/11111/11111/11111/11111/11111/11111/11111	bbbbb/bbbbb/bbbbb/bbbbb/bbbbb/bbbbb/bbbbb/bbbbb/brrrb	ppppp/ppppp/ppppp/ppppp/ppppp/ppppp/ppppp/ppppp/ppppp
military/training/archery	0	6	9	4	4	111111/111111/111111/111111/111111/111111/111111/111111/111111	bbbbbb/bbbbbb/bbbbbb/bbbbbb/bbbbbb/bbbbbb/bbbbbb/bbbbbb/brrrrb	pppppp/pppppp/pppppp/pppppp/pppppp/pppppp/pppppp/pppppp/pppppp
military/training/archery	0	7	9	5	5	1111111/1111111/1111111/1111111/1111111/1111111/1111111/1111111/1111111	bbbbbbb/bbbbbbb/bbbbbbb/bbbbbbb/bbbbbbb/bbbbbbb/bbbbbbb/bbbbbbb/brrrrrb	ppppppp/ppppppp/ppppppp/ppppppp/ppppppp/ppppppp/ppppppp/ppppppp/ppppppp
military/training/archery	0	8	9	6	6	11111111/11111111/11111111/11111111/11111111/11111111/11111111/11111111/11111111	bbbbbbbb/bbbbbbbb/bbbbbbbb/bbbbbbbb/bbbbbbbb/bbbbbbbb/bbbbbbbb/bbbbbbbb/brrrrrrb	pppppppp/pppppppp/pppppppp/pppppppp/pppppppp/pppppppp/pppppppp/pppppppp/pppppppp
military/training/archery	0	9	9	7	7	111111111/111111111/111111111/111111111/111111111/111111111/111111111/111111111/111111111	bbbbbbbbb/bbbbbbbbb/bbbbbbbbb/bbbbbbbbb/bbbbbbbbb/bbbbbbbbb/bbbbbbbbb/bbbbbbbbb/brrrrrrrb	ppppppppp/ppppppppp/ppppppppp/ppppppppp/ppppppppp/ppppppppp/ppppppppp/ppppppppp/ppppppppp
military/training/archery	0	10	9	8	8	1111111111/1111111111/1111111111/1111111111/1111111111/1111111111/1111111111/1111111111/1111111111	bbbbbbbbbb/bbbbbbbbbb/bbbbbbbbbb/bbbbbbbbbb/bbbbbbbbbb/bbbbbbbbbb/bbbbbbbbbb/bbbbbbbbbb/brrrrrrrrb	pppppppppp/pppppppppp/pppppppppp/pppppppppp/pppppppppp/pppppppppp/pppppppppp/pppppppppp/pppppppppp
military/training/archery	0	11	9	9	9	11111111111/11111111111/11111111111/11111111111/11111111111/11111111111/11111111111/11111111111/11111111111	bbbbbbbbbbb/bbbbbbbbbbb/bbbbbbbbbbb/bbbbbbbbbbb/bbbbbbbbbbb/bbbbbbbbbbb/bbbbbbbbbbb/bbbbbbbbbbb/brrrrrrrrrb	ppppppppppp/ppppppppppp/ppppppppppp/ppppppppppp/ppppppppppp/ppppppppppp/ppppppppppp/ppppppppppp/ppppppppppp
military/training/archery	0	12	9	10	10	111111111111/111111111111/111111111111/111111111111/111111111111/111111111111/111111111111/111111111111/111111111111	bbbbbbbbbbbb/bbbbbbbbbbbb/bbbbbbbbbbbb/bbbbbbbbbbbb/bbbbbbbbbbbb/bbbbbbbbbbbb/bbbbbbbbbbbb/bbbbbbbbbbbb/brrrrrrrrrrb	pppppppppppp/pppppppppppp/pppppppppppp/pppppppppppp/pppppppppppp/pppppppppppp/pppppppppppp/pppppppppppp/pppppppppppp
military/training/barracks	0	2	2	1	1	11/11	bb/xb	pp/pp
military/training/barracks	0	3	2	2	2	111/111	bbb/xbx	ppp/ppp
military/training/barracks	0	4	2	3	3	1111/1111	bbbb/xbxx	pppp/pppp
military/training/barracks	0	5	2	4	4	11111/11111	bbbbb/xxbxx	ppppp/ppppp
military/training/barracks	0	6	2	5	5	111111/111111	bbbbbb/xxxbxx	pppppp/pppppp
military/training/barracks	0	7	2	6	6	1111111/1111111	bbbbbbb/xxxbxxx	ppppppp/ppppppp
military/training/barracks	0	2	4	3	3	11/11/11/11	xx/bb/bb/xb	pp/pp/pp/pp
military/training/barracks	0	3	4	5	5	111/111/111/111	xxx/bbb/bbb/xbx	ppp/ppp/ppp/ppp
military/training/barracks	0	4	4	7	7	1111/1111/1111/1111	xxxx/bbbb/bbbb/xbxx	pppp/pppp/pppp/pppp
military/training/barracks	0	5	4	9	9	11111/11111/11111/11111	xxxxx/bbbbb/bbbbb/xxbxx	ppppp/ppppp/ppppp/ppppp
military/training/barracks	0	6	4	11	11	111111/111111/111111/111111	xxxxxx/bbbbbb/bbbbbb/xxxbxx	pppppp/pppppp/pppppp/pppppp
military/training/barracks	0	7	4	13	13	1111111/1111111/1111111/1111111	xxxxxxx/bbbbbbb/bbbbbbb/xxxbxxx	ppppppp/ppppppp/ppppppp/ppppppp
service/arena/grand	0	1	1	1	1	1	x	p
service/arena/pit	0	15	15	2	2	111111111111111/111111111111111/111111111111111/111111111111111/111111111111111/111111111111111/111111111111111/111111111111111/111111111111111/111111111111111/111111111111111/111111111111111/111111111111111/111111111111111/111111111111111	bbbbbbbbbbbbbbb/bpppppppppppppb/bpbbbbbbbbbbbpb/bpbbbbbbbbbbbpb/bpbbbbbbbbbbbpb/bpbbbpppppbbbpb/bpbbbpppppbbbpb/bpbbbpppppbbbpb/bpbbbpppppbbbpb/bpbbbpppppbbbpb/bpbbbbpppbbbbpb/bpbbbbpppbbbbpb/bpbbbbpppbbbbpb/bpppppppppppppb/bbbbbbrrrbbbbbb	ppppppppppppppp/ppppppppppppppp/ppppppppppppppp/ppppppppppppppp/ppppppppppppppp/ppppppppppppppp/ppppppppppppppp/ppppppppppppppp/ppppppppppppppp/ppppppppppppppp/ppppppppppppppp/ppppppppppppppp/ppppppppppppppp/ppppppppppppppp/ppppppppppppppp
service/arena/pit	0	18	13	2	2	111111111111111111/111111111111111111/111111111111111111/111111111111111111/111111111111111111/111111111111111111/111111111111111111/111111111111111111/111111111111111111/111111111111111111/111111111111111111/111111111111111111/111111111111111111	bbbbbbbbbbbbbbbbbb/bppppppppppppppppb/bpbbbbbbbbbbbbbbpb/bpbbbbbbbbbbbbbbpb/bpbbbbbbbbbbbbbbpb/bpbbbppppppppbbbpb/bpbbbppppppppbbbpb/bpbbbppppppppbbbpb/bpbbbbppbbppbbbbpb/bpbbbbppbbppbbbbpb/bpbbbbppbbppbbbbpb/bppppppppppppppppb/bbbbbbrrbbrrbbbbbb	pppppppppppppppppp/pppppppppppppppppp/pppppppppppppppppp/pppppppppppppppppp/pppppppppppppppppp/pppppppppppppppppp/pppppppppppppppppp/pppppppppppppppppp/pppppppppppppppppp/pppppppppppppppppp/pppppppppppppppppp/pppppppppppppppppp/pppppppppppppppppp
service/barber	0	2	3	1	1	11/11/11	bb/bx/bb	pp/pp/pp
service/barber	0	2	4	2	2	11/11/11/11	bb/bx/bx/bb	pp/pp/pp/pp
service/barber	0	2	5	3	3	11/11/11/11/11	bb/bx/bx/bx/bb	pp/pp/pp/pp/pp
service/barber	0	2	6	4	4	11/11/11/11/11/11	bb/bx/bx/bx/bx/bb	pp/pp/pp/pp/pp/pp
service/barber	0	2	7	5	5	11/11/11/11/11/11/11	bb/bx/bx/bx/bx/bx/bb	pp/pp/pp/pp/pp/pp/pp
service/barber	0	2	9	6	6	11/11/11/11/11/11/11/11/11	bb/bx/bx/bx/bb/bx/bx/bx/bb	pp/pp/pp/pp/pp/pp/pp/pp/pp
service/barber	0	2	11	8	8	11/11/11/11/11/11/11/11/11/11/11	bb/bx/bx/bx/bx/bb/bx/bx/bx/bx/bb	pp/pp/pp/pp/pp/pp/pp/pp/pp/pp/pp
service/barber	0	2	13	10	10	11/11/11/11/11/11/11/11/11/11/11/11/11	bb/bx/bx/bx/bx/bx/bb/bx/bx/bx/bx/bx/bb	pp/pp/pp/pp/pp/pp/pp/pp/pp/pp/pp/pp/pp
service/breeder	0	5	5	6	6	11111/11111/11111/11111/11111	bbbbb/xbbbx/xbbbx/xbbbx/bbbbb	ppppp/ppppp/ppppp/ppppp/ppppp
service/breeder	0	5	6	8	8	11111/11111/11111/11111/11111/11111	bbbbb/xbbbx/xbbbx/xbbbx/xbbbx/bbbbb	ppppp/ppppp/ppppp/ppppp/ppppp/ppppp
service/breeder	0	5	7	10	10	11111/11111/11111/11111/11111/11111/11111	bbbbb/xbbbx/xbbbx/xbbbx/xbbbx/xbbbx/bbbbb	ppppp/ppppp/ppppp/ppppp/ppppp/ppppp/ppppp
service/breeder	0	6	7	14	14	111111/111111/111111/111111/111111/111111/111111	bbbbbb/xbbbbx/xbbbbx/xbbbbx/xbbbbx/xbbbbx/bxxxxb	pppppp/pppppp/pppppp/pppppp/pppppp/pppppp/pppppp
service/breeder	1	1	1	1	1	1	b	p
service/breeder	1	2	2	4	4	11/11	bb/bb	pp/pp
service/food/canteen	0	3	2	1	1	111/111	bxb/bxb	pwp/pdp
service/food/canteen	0	4	2	2	2	1111/1111	bxxb/bxxb	pwwp/pddp
service/food/canteen	0	5	2	3	3	11111/11111	bxxxb/bxxxb	pwwwp/pdddp
service/food/canteen	0	6	2	4	4	111111/111111	bxxxxb/bxxxxb	pwwwwp/pddddp
service/food/canteen	0	7	2	5	5	1111111/1111111	bxxxxxb/bxxxxxb	pwwwwwp/pdddddp
service/food/canteen	1	3	2	1	1	111/111	bbb/pxp	ppp/pdp
service/food/canteen	1	4	2	2	2	1111/1111	bbbb/pxxp	pppp/pddp
service/food/canteen	1	5	2	3	3	11111/11111	bbbbb/pxxxp	ppppp/pdddp
service/food/canteen	1	6	2	4	4	111111/111111	bbbbbb/pxxxxp	pppppp/pddddp
service/food/canteen	1	7	2	5	5	1111111/1111111	bbbbbbb/pxxxxxp	ppppppp/pdddddp
service/food/canteen	1	8	2	6	6	11111111/11111111	bbbbbbbb/pxxxxxxp	pppppppp/pddddddp
service/food/canteen	1	9	2	7	7	111111111/111111111	bbbbbbbbb/pxxxxxxxp	ppppppppp/pdddddddp
service/food/canteen	1	3	4	2	2	111/111/111/111	pxp/bbb/bbb/pxp	pdp/ppp/ppp/pdp
service/food/canteen	1	4	4	4	4	1111/1111/1111/1111	pxxp/bbbb/bbbb/pxxp	pddp/pppp/pppp/pddp
service/food/canteen	1	5	4	6	6	11111/11111/11111/11111	pxxxp/bbbbb/bbbbb/pxxxp	pdddp/ppppp/ppppp/pdddp
service/food/canteen	1	6	4	8	8	111111/111111/111111/111111	pxxxxp/bbbbbb/bbbbbb/pxxxxp	pddddp/pppppp/pppppp/pddddp
service/food/canteen	1	7	4	10	10	1111111/1111111/1111111/1111111	pxxxxxp/bbbbbbb/bbbbbbb/pxxxxxp	pdddddp/ppppppp/ppppppp/pdddddp
service/food/canteen	1	8	4	12	12	11111111/11111111/11111111/11111111	pxxxxxxp/bbbbbbbb/bbbbbbbb/pxxxxxxp	pddddddp/pppppppp/pppppppp/pddddddp
service/food/eatery	0	5	2	4	4	11111/11111	bbbbb/ppppp	ddddp/ppppp
service/food/eatery	0	6	2	5	5	111111/111111	bbbbbb/pppppp	dddddp/pppppp
service/food/eatery	0	7	2	6	6	1111111/1111111	bbbbbbb/ppppppp	ddddddp/ppppppp
service/food/eatery	0	8	2	7	7	11111111/11111111	bbbbbbbb/pppppppp	dddddddp/pppppppp
service/food/eatery	0	4	4	6	6	1111/1111/1111/1111	pppp/bbbb/bbbb/pppp	pppp/pddd/dddp/pppp
service/food/eatery	0	5	4	8	8	11111/11111/11111/11111	ppppp/bbbbb/bbbbb/ppppp	ppppp/pdddd/ddddp/ppppp
service/food/eatery	0	6	4	10	10	111111/111111/111111/111111	pppppp/bbbbbb/bbbbbb/pppppp	pppppp/pddddd/dddddp/pppppp
service/food/eatery	0	7	4	12	12	1111111/1111111/1111111/1111111	ppppppp/bbbbbbb/bbbbbbb/ppppppp	ppppppp/pdddddd/ddddddp/ppppppp
service/food/eatery	0	8	4	14	14	11111111/11111111/11111111/11111111	pppppppp/bbbbbbbb/bbbbbbbb/pppppppp	pppppppp/pddddddd/dddddddp/pppppppp
service/food/tavern	0	3	2	1	1	111/111	xbx/pxp	ppp/ppp
service/food/tavern	0	4	2	2	2	1111/1111	xbbx/pxxp	pppp/pppp
service/food/tavern	0	5	2	3	3	11111/11111	xbbbx/pxxxp	ppppp/ppppp
service/food/tavern	0	6	2	4	4	111111/111111	xbbbbx/pxxxxp	pppppp/pppppp
service/food/tavern	0	7	2	5	5	1111111/1111111	xbbbbbx/pxxxxxp	ppppppp/ppppppp
service/food/tavern	0	8	2	6	6	11111111/11111111	xbbbbbbx/pxxxxxxp	pppppppp/pppppppp
service/food/tavern	0	9	2	7	7	111111111/111111111	xbbbbbbbx/pxxxxxxxp	ppppppppp/ppppppppp
service/food/tavern	0	10	2	8	8	1111111111/1111111111	xbbbbbbbbx/pxxxxxxxxp	pppppppppp/pppppppppp
service/food/tavern	0	3	4	2	2	111/111/111/111	pxp/xbx/xbx/pxp	ppp/ppp/ppp/ppp
service/food/tavern	0	4	4	4	4	1111/1111/1111/1111	pxxp/xbbx/xbbx/pxxp	pppp/pppp/pppp/pppp
service/food/tavern	0	5	4	6	6	11111/11111/11111/11111	pxxxp/xbbbx/xbbbx/pxxxp	ppppp/ppppp/ppppp/ppppp
service/food/tavern	0	6	4	8	8	111111/111111/111111/111111	pxxxxp/xbbbbx/xbbbbx/pxxxxp	pppppp/pppppp/pppppp/pppppp
service/food/tavern	0	7	4	10	10	1111111/1111111/1111111/1111111	pxxxxxp/xbbbbbx/xbbbbbx/pxxxxxp	ppppppp/ppppppp/ppppppp/ppppppp
service/food/tavern	0	8	4	12	12	11111111/11111111/11111111/11111111	pxxxxxxp/xbbbbbbx/xbbbbbbx/pxxxxxxp	pppppppp/pppppppp/pppppppp/pppppppp
service/food/tavern	0	9	4	14	14	111111111/111111111/111111111/111111111	pxxxxxxxp/xbbbbbbbx/xbbbbbbbx/pxxxxxxxp	ppppppppp/ppppppppp/ppppppppp/ppppppppp
service/food/tavern	0	10	4	16	16	1111111111/1111111111/1111111111/1111111111	pxxxxxxxxp/xbbbbbbbbx/xbbbbbbbbx/pxxxxxxxxp	pppppppppp/pppppppppp/pppppppppp/pppppppppp
service/food/tavern	1	1	1	1	1	1	b	p
service/food/tavern	1	2	1	2	2	11	bb	pp
service/food/tavern	1	3	1	3	3	111	bxb	ppp
service/food/tavern	1	4	1	4	4	1111	bbbb	pppp
service/food/tavern	1	5	1	5	5	11111	bbbbb	ppppp
service/food/tavern	1	6	1	6	6	111111	bbbbbx	pppppp
service/food/tavern	1	7	1	7	7	1111111	bbbbbbb	ppppppp
service/food/tavern	1	2	2	4	4	11/11	bb/bb	pp/pp
service/food/tavern	1	3	2	6	6	111/111	bbb/bbb	ppp/ppp
service/food/tavern	1	4	2	8	8	1111/1111	bbbb/bbbb	pppp/pppp
service/food/tavern	1	5	2	10	10	11111/11111	bbbbb/bbbbb	ppppp/ppppp
service/food/tavern	1	6	2	12	12	111111/111111	bbbbbb/bbbbbb	pppppp/pppppp
service/food/tavern	1	7	2	14	14	1111111/1111111	bbbbbbb/bbbbbbb	ppppppp/ppppppp
service/hearth	0	5	3	6	6	11111/11111/11111	pbpbp/pbbbp/pbpbp	pdpdp/pdddp/pdpdp
service/hearth	0	5	5	10	10	11111/11111/11111/11111/11111	pbpbp/pbpbp/pbbbp/pbpbp/pbpbp	pdpdp/pdpdp/pdddp/pdpdp/pdpdp
service/hearth	0	5	7	14	14	11111/11111/11111/11111/11111/11111/11111	pbpbp/pbpbp/pbbbp/pbbbp/pbbbp/pbpbp/pbpbp	pdpdp/pdpdp/pdpdp/pdddp/pdpdp/pdpdp/pdpdp
service/hearth	0	7	7	28	28	1111111/1111111/1111111/1111111/1111111/1111111/1111111	pbbpbbp/pbbbbbp/pbbbbbp/pbbbbbp/pbbbbbp/pbbbbbp/pbbpbbp	pddpddp/pddpddp/pdddddp/pddpddp/pdddddp/pddpddp/pddpddp
service/hygine/bath	0	3	3	2	2	111/111/111	xbb/xbb/bxb	ddd/ddd/pdp
service/hygine/bath	0	3	4	3	3	111/111/111/111	xbb/xbb/bbb/bxb	ddd/ddd/pdd/pdp
service/hygine/bath	0	3	5	4	4	111/111/111/111/111	bbb/xbb/xbb/bbb/bxb	pdd/ddd/ddd/pdd/pdp
service/hygine/bath	0	3	6	5	5	111/111/111/111/111/111	bbb/bbb/xbb/xbb/bbb/bxb	pdd/pdd/ddd/ddd/pdd/pdp
service/hygine/bath	0	4	3	3	3	1111/1111/1111	xbbb/xbbb/bxbb	dddd/dddd/pdpp
service/hygine/bath	0	4	4	4.5	4.5	1111/1111/1111/1111	xbbb/xbbb/bbbb/bxbb	dddd/dddd/pddd/pdpp
service/hygine/bath	0	4	5	6	6	1111/1111/1111/1111/1111	bbbb/bbbb/xbbb/xbbb/bbxb	pddd/pddd/dddd/dddd/ppdp
service/hygine/bath	0	4	6	7.5	7.5	1111/1111/1111/1111/1111/1111	bbbb/bbbb/bbbb/xbbb/xbbb/bbxb	pddd/pddd/pddd/dddd/dddd/ppdp
service/hygine/bath	0	5	4	6	6	11111/11111/11111/11111	bbbbb/bbbbb/bbbbb/bxbxx	pdddd/pdddd/pdddd/pdpdd
service/hygine/bath	0	5	5	8	8	11111/11111/11111/11111/11111	bbbbb/bbbbb/bbbbb/bbbbb/bxbxx	pdddd/pdddd/pdddd/pdddd/pdpdd
service/hygine/bath	0	5	6	10	10	11111/11111/11111/11111/11111/11111	bbbbb/xbbbb/bbbbb/bbbbb/bbbbb/bxxbb	pdddd/ddddd/pdddd/pdddd/pdddd/pddpp
service/hygine/bath	1	2	2	1	1	11/11	xb/bp	dp/dp
service/hygine/bath	1	3	2	2	2	111/111	xbx/bpb	dpd/dpd
service/hygine/bath	1	4	2	3	3	1111/1111	xbxx/bpbb	dpdd/dpdd
service/hygine/bath	1	5	2	4	4	11111/11111	xxbxx/bbpbb	ddpdd/ddpdd
service/hygine/well	0	3	3	3	1	111/111/111	ppp/pbp/ppp	pdp/dpd/pdp
service/hygine/well	0	4	4	5	2	1111/1111/1111/1111	pppp/pbbp/pbbp/pppp	pddp/dppd/dppd/pddp
service/hygine/well	0	5	5	6	3	11111/11111/11111/11111/11111	ppppp/pbbbp/pbbbp/pbbbp/ppppp	pdddp/dpppd/dpppd/dpppd/pdddp
service/lavatory	0	3	2	3	3	111/111	bbb/xxx	ppp/ddd
service/lavatory	0	4	2	4	4	1111/1111	bbbb/xxxx	pppp/dddd
service/lavatory	0	5	2	5	5	11111/11111	bbbbb/xxxxx	ppppp/ddddd
service/lavatory	0	6	2	6	6	111111/111111	bbbbbb/xxxxxx	pppppp/dddddd
service/lavatory	0	7	2	7	7	1111111/1111111	bbbbbbb/xxxxxxx	ppppppp/ddddddd
service/lavatory	0	3	3	6	6	111/111/111	xxx/bbb/xxx	ddd/ppp/ddd
service/lavatory	0	4	3	8	8	1111/1111/1111	xxxx/bbbb/xxxx	dddd/pppp/dddd
service/lavatory	0	5	3	10	10	11111/11111/11111	xxxxx/bbbbb/xxxxx	ddddd/ppppp/ddddd
service/lavatory	0	6	3	12	12	111111/111111/111111	xxxxxx/bbbbbb/xxxxxx	dddddd/pppppp/dddddd
service/lavatory	0	7	3	14	14	1111111/1111111/1111111	xxxxxxx/bbbbbbb/xxxxxxx	ddddddd/ppppppp/ddddddd
service/lavatory	1	2	1	1	1	11	xb	dp
service/lavatory	1	3	1	2	2	111	xbx	dpd
service/lavatory	1	4	1	3	3	1111	xxbx	ddpd
service/lavatory	1	5	1	4	4	11111	xxbxx	ddpdd
service/lavatory	1	2	2	3	3	11/11	xb/xx	dp/dd
service/lavatory	1	3	2	5	5	111/111	xbx/xbx	dpd/dpd
service/lavatory	1	4	2	7	7	1111/1111	xxbx/xxbx	ddpd/ddpd
service/lavatory	1	5	2	9	9	11111/11111	xxbxx/xxbxx	ddpdd/ddpdd
service/market	0	5	2	4	4	11111/11111	bbbbb/ppppp	ddddp/ppppp
service/market	0	6	2	5	5	111111/111111	bbbbbb/pppppp	dddddp/pppppp
service/market	0	7	2	6	6	1111111/1111111	bbbbbbb/ppppppp	ddddddp/ppppppp
service/market	0	8	2	7	7	11111111/11111111	bbbbbbbb/pppppppp	dddddddp/pppppppp
service/market	0	4	4	6	6	1111/1111/1111/1111	pppp/bbbb/bbbb/pppp	pppp/pddd/dddp/pppp
service/market	0	5	4	8	8	11111/11111/11111/11111	ppppp/bbbbb/bbbbb/ppppp	ppppp/pdddd/ddddp/ppppp
service/market	0	6	4	10	10	111111/111111/111111/111111	pppppp/bbbbbb/bbbbbb/pppppp	pppppp/pddddd/dddddp/pppppp
service/market	0	7	4	12	12	1111111/1111111/1111111/1111111	ppppppp/bbbbbbb/bbbbbbb/ppppppp	ppppppp/pdddddd/ddddddp/ppppppp
service/market	0	8	4	14	14	11111111/11111111/11111111/11111111	pppppppp/bbbbbbbb/bbbbbbbb/pppppppp	pppppppp/pddddddd/dddddddp/pppppppp
service/nursery	0	3	1	1	1	111	xbx	ppp
service/nursery	0	3	2	2	2	111/111	xbx/xbx	ppp/ppp
service/nursery	0	3	3	3	3	111/111/111	xbx/xbx/xbx	ppp/ppp/ppp
service/nursery	0	3	4	4	4	111/111/111/111	xbx/xbx/xbx/xbx	ppp/ppp/ppp/ppp
service/nursery	0	3	5	5	5	111/111/111/111/111	xbx/xbx/xbx/xbx/xbx	ppp/ppp/ppp/ppp/ppp
service/nursery	0	3	6	6	6	111/111/111/111/111/111	xbx/xbx/xbx/xbx/xbx/xbx	ppp/ppp/ppp/ppp/ppp/ppp
service/nursery	0	3	7	7	7	111/111/111/111/111/111/111	xbx/xbx/xbx/xbx/xbx/xbx/xbx	ppp/ppp/ppp/ppp/ppp/ppp/ppp
service/nursery	0	3	8	8	8	111/111/111/111/111/111/111/111	xbx/xbx/xbx/xbx/xbx/xbx/xbx/xbx	ppp/ppp/ppp/ppp/ppp/ppp/ppp/ppp
service/nursery	1	1	1	2	2	1	b	p
service/nursery	1	2	1	4	4	11	bb	pp
service/nursery	1	3	1	6	6	111	bbb	ppp
service/nursery	1	4	1	8	8	1111	bbbb	pppp
service/nursery	1	5	1	10	10	11111	bbbbb	ppppp
service/pleasure	0	3	3	1	1	111/111/111	bbb/bpb/brb	ddd/ddd/ddd
service/pleasure	0	6	3	2	2	111111/111111/111111	bbbbbb/bpbbpb/brbbrb	dddddd/dddddd/dddddd
service/pleasure	0	9	3	3	3	111111111/111111111/111111111	bbbbbbbbb/bpbbpbbpb/brbbrbbrb	ddddddddd/ddddddddd/ddddddddd
service/pleasure	0	12	3	4	4	111111111111/111111111111/111111111111	bbbbbbbbbbbb/bpbbpbbpbbpb/brbbrbbrbbrb	dddddddddddd/dddddddddddd/dddddddddddd
service/pleasure	1	1	1	1	1	1	b	p
service/pleasure	1	2	1	2	2	11	bb	pp
service/pleasure	1	3	1	3	3	111	bbb	ppp
service/pleasure	1	4	1	4	4	1111	bbbb	pppp
service/pleasure	1	5	1	5	5	11111	bbbbb	ppppp
service/pleasure	1	6	1	6	6	111111	bbbbbb	pppppp
service/pleasure	1	7	1	7	7	1111111	bbbbbbb	ppppppp
service/pleasure	1	8	1	8	8	11111111	bbbbbbbb	pppppppp
service/speaker	0	3	3	1	1	111/111/111	ppp/pbp/ppp	ppp/ppp/ppp
service/stage	0	9	9	1	1	111111111/111111111/111111111/111111111/111111111/111111111/111111111/111111111/111111111	bpppppppb/ppppppppp/ppbbbbbpp/ppbbbbbpp/ppbbbbbpp/ppbbbbbpp/ppbbbbbpp/ppppppppp/bpppppppb	ppppppppp/ppppppppp/ppppppppp/ppppppppp/ppppppppp/ppppppppp/ppppppppp/ppppppppp/ppppppppp
service/stage	0	8	10	1	1	11111111/11111111/11111111/11111111/11111111/11111111/11111111/11111111/11111111/11111111	bppppppb/pppppppp/ppbbbbpp/ppbbbbpp/ppbbbbpp/ppbbbbpp/ppbbbbpp/ppbbbbpp/pppppppp/bppppppb	pppppppp/pppppppp/pppppppp/pppppppp/pppppppp/pppppppp/pppppppp/pppppppp/pppppppp/pppppppp
service/stage	0	7	14	1	1	1111111/1111111/1111111/1111111/1111111/1111111/1111111/1111111/1111111/1111111/1111111/1111111/1111111/1111111	bpppppb/ppppppp/ppbbbpp/ppbbbpp/ppbbbpp/ppbbbpp/ppbbbpp/ppbbbpp/ppbbbpp/ppbbbpp/ppbbbpp/ppbbbpp/ppppppp/bpppppb	ppppppp/ppppppp/ppppppp/ppppppp/ppppppp/ppppppp/ppppppp/ppppppp/ppppppp/ppppppp/ppppppp/ppppppp/ppppppp/ppppppp
spirit/grave/cgraveyard	0	1	3	1	1	1/1/1	b/b/x	p/d/d
spirit/grave/cgraveyard	0	2	3	2	2	11/11/11	bb/bb/xx	pp/dd/dd
spirit/grave/cgraveyard	0	3	3	3	3	111/111/111	bbb/bbb/xxx	ppp/ddd/ddd
spirit/grave/cgraveyard	0	4	3	4	4	1111/1111/1111	bbbb/bbbb/xxxx	pppp/dddd/dddd
spirit/grave/cgraveyard	0	5	3	5	5	11111/11111/11111	bbbbb/bbbbb/xxxxx	ppppp/ddddd/ddddd
spirit/grave/cgraveyard	0	6	3	6	6	111111/111111/111111	bbbbbb/bbbbbb/xxxxxx	pppppp/dddddd/dddddd
spirit/grave/cgraveyard	0	7	3	7	7	1111111/1111111/1111111	bbbbbbb/bbbbbbb/xxxxxxx	ppppppp/ddddddd/ddddddd
spirit/grave/cgraveyard	1	1	1	1	1	1	p	p
spirit/grave/cgraveyard	1	2	2	4	4	11/11	pp/pp	pp/pp
spirit/grave/cgraveyard	1	3	3	9	9	111/111/111	ppp/ppp/ppp	ppp/ppp/ppp
spirit/grave/ctomb	0	3	2	1	1	111/111	bbb/pxp	ppp/pdp
spirit/grave/ctomb	0	4	2	2	2	1111/1111	bbbb/pxxp	pppp/pddp
spirit/grave/ctomb	0	6	2	3	3	111111/111111	bbbbbb/pxxpxp	pppppp/pddpdp
spirit/grave/ctomb	0	7	2	4	4	1111111/1111111	bbbbbbb/pxxpxxb	ppppppp/pddpddp
spirit/grave/ctomb	0	9	2	5	5	111111111/111111111	bbbbbbbbb/pxxpxxpxp	ppppppppp/pddpddpdp
spirit/grave/ctomb	0	10	2	6	6	1111111111/1111111111	bbbbbbbbbb/pxxpxxpxxp	pppppppppp/pddpddpddp
spirit/grave/ctomb	1	1	1	1	1	1	b	p
spirit/grave/ctomb	1	2	2	4	4	11/11	bb/bb	pp/pp
spirit/grave/ctomb	1	3	3	9	9	111/111/111	bbb/bbb/bbb	ppp/ppp/ppp
spirit/temple	0	7	5	1	1	1111111/1111111/1111111/1111111/1111111	ppppppp/ppbbbpp/pbbbbbp/ppbbbpp/ppppppp	ppppppp/ppppppp/ppppppp/ppppppp/ppppppp
spirit/temple	0	9	5	1.8	1.8	111111111/111111111/111111111/111111111/111111111	ppppppppp/ppbbbbbpp/pbbbbbbbp/ppbbbbbpp/ppppppppp	ppppppppp/ppppppppp/ppppppppp/ppppppppp/ppppppppp
spirit/temple	0	11	5	2.2	2.2	11111111111/11111111111/11111111111/11111111111/11111111111	ppppppppppp/ppbbbbbbbpp/pbbbbbbbbbp/ppbbbbbbbpp/ppppppppppp	ppppppppppp/ppppppppppp/ppppppppppp/ppppppppppp/ppppppppppp
spirit/temple	1	2	1	2	2	11	bb	pp
spirit/temple	1	3	1	3	3	111	bbb	ppp
spirit/temple	1	4	1	4	4	1111	bbbb	pppp
spirit/temple	1	5	1	5	5	11111	bbbbb	ppppp
spirit/temple	1	7	1	7	7	1111111	bbbbbbb	ppppppp
spirit/temple	1	9	1	9	9	111111111	bbbbbbbbb	ppppppppp
spirit/temple	1	11	1	11	11	11111111111	bbbbbbbbbbb	ppppppppppp
spirit/temple	2	1	1	1	1	1	b	p
spirit/temple	3	2	2	1	1	11/11	pp/pp	pp/pp
water/canal	0	5	1	1	1	11111	ppppp	ppppp
water/drain	0	5	1	1	1	11111	ppppp	ppppp
water/pumpconstructor	0	7	5	1	1	1111111/1111111/1111111/1111111/1111111	pbbbbbp/pbbbbbp/pbbbbbp/pbbbbbp/pbbbbbp	pppdppp/pwpppwp/pwpppwp/pwpppwp/ppppppp
water/pumpconstructor	0	7	8	2	2	1111111/1111111/1111111/1111111/1111111/1111111/1111111/1111111	pbbbbbp/pbbbbbp/pbbbbbp/pbbbbbp/pbbbbbp/pbbbbbp/pbbbbbp/pbbbbbp	pppdppp/pwpppwp/pwpppwp/pwpppwp/pwpppwp/pwpppwp/pwpppwp/ppppppp
water/pumpconstructor	0	7	11	3	3	1111111/1111111/1111111/1111111/1111111/1111111/1111111/1111111/1111111/1111111/1111111	pbbbbpp/pbbbbbp/pbbbbbp/pbbbbbp/pbbbbbp/pbbbbbp/pbbbbbp/pbbbbbp/pbbbbbp/pbbbbbp/pbbbbbp	pppdppp/pwpppwp/pwpppwp/pwpppwp/pwpppwp/pwpppwp/pwpppwp/pwpppwp/pwpppwp/pwpppwp/ppppppp
water/pumpconstructor	0	7	14	4	4	1111111/1111111/1111111/1111111/1111111/1111111/1111111/1111111/1111111/1111111/1111111/1111111/1111111/1111111	pbbbbbp/pbbbbbp/pbbbbbp/pbbbbbp/pbbbbbp/pbbbbbp/pbbbbbp/pbbbbbp/pbbbbbp/pbbbbbp/pbbbbbp/pbbbbbp/pbbbbbp/pbbbbbp	pppdppp/pwpppwp/pwpppwp/pwpppwp/pwpppwp/pwpppwp/pwpppwp/pwpppwp/pwpppwp/pwpppwp/pwpppwp/pwpppwp/pwpppwp/ppppppp
water/pool	0	5	1	1	1	11111	ppppp	ppppp
industry/workshop	0	2	1	2	2	11	bb	ps
industry/workshop	0	3	1	3	3	111	bbb	pss
industry/workshop	0	4	1	4	4	1111	bbbb	psss
industry/workshop	0	5	1	5	5	11111	bbbbb	pssss
industry/workshop	0	6	1	6	6	111111	bbbbbb	psssss
industry/workshop	0	7	1	7	7	1111111	bbbbbbb	pssssss
industry/workshop	0	8	1	8	8	11111111	bbbbbbbb	psssssss
industry/workshop	0	9	1	9	9	111111111	bbbbbbbbb	pssssssss
industry/workshop	0	10	1	10	10	1111111111	bbbbbbbbbb	psssssssss
industry/workshop	0	2	2	4	4	11/11	bb/bb	ps/ps
industry/workshop	0	3	2	6	6	111/111	bbb/bbb	pss/pss
industry/workshop	0	4	2	8	8	1111/1111	bbbb/bbbb	psss/psss
industry/workshop	0	5	2	10	10	11111/11111	bbbbb/bbbbb	pssss/pssss
industry/workshop	0	6	2	12	12	111111/111111	bbbbbb/bbbbbb	psssss/psssss
industry/workshop	0	7	2	14	14	1111111/1111111	bbbbbbb/bbbbbbb	pssssss/pssssss
industry/workshop	0	8	2	16	16	11111111/11111111	bbbbbbbb/bbbbbbbb	psssssss/psssssss
industry/workshop	0	9	2	18	18	111111111/111111111	bbbbbbbbb/bbbbbbbbb	pssssssss/pssssssss
industry/workshop	0	10	2	20	20	1111111111/1111111111	bbbbbbbbbb/bbbbbbbbbb	psssssssss/psssssssss
